City,Revenue,Avg_Orders
Bangalore,731262.565485584,9.432432432432432
Delhi,658191.0973289042,11.229508196721312
Pune,610104.0690731802,9.704918032786885
Mumbai,515587.40212933294,9.38888888888889
