Feature,Importance
Study_Assignment_Score,0.44356514276241127
Study_Hours,0.3894770663029586
Attendance,0.06517624368035878
Attendance_Ratio,0.0641574439767804
Sleep_Hours,0.01946762699497882
Assignments_Completed,0.018156476282512227
